{
  "train_shape": [
    1839,
    6
  ],
  "test_shape": [
    1933,
    7
  ],
  "train_columns": [
    "feature_1",
    "feature_2",
    "feature_3",
    "feature_4",
    "feature_5",
    "feature_6"
  ],
  "test_columns": [
    "feature_1",
    "feature_2",
    "feature_3",
    "feature_4",
    "feature_5",
    "feature_6",
    "label"
  ],
  "train_missing": {
    "feature_1": 0,
    "feature_2": 0,
    "feature_3": 0,
    "feature_4": 0,
    "feature_5": 0,
    "feature_6": 0
  },
  "test_missing": {
    "feature_1": 0,
    "feature_2": 0,
    "feature_3": 0,
    "feature_4": 0,
    "feature_5": 0,
    "feature_6": 0,
    "label": 0
  },
  "train_describe": {
    "feature_1": {
      "count": 1839.0,
      "mean": 0.008772978761078973,
      "std": 0.992010255605233,
      "min": -2.665448504799181,
      "25%": -0.8184812559464041,
      "50%": 0.1313876148871191,
      "75%": 0.817404021605127,
      "max": 2.136666342212151
    },
    "feature_2": {
      "count": 1839.0,
      "mean": -0.11641578729281167,
      "std": 0.1738408123232346,
      "min": -0.204295820426622,
      "25%": -0.191423137829562,
      "50%": -0.1528050900382909,
      "75%": -0.1227688306451736,
      "max": 3.1426016548148965
    },
    "feature_3": {
      "count": 1839.0,
      "mean": 0.11233116356994126,
      "std": 1.0087260386461794,
      "min": -2.653928583993436,
      "25%": -0.295358948327646,
      "50%": 0.0550571118306058,
      "75%": 0.3785180904360373,
      "max": 11.551399393078531
    },
    "feature_4": {
      "count": 1839.0,
      "mean": 0.05910882888989819,
      "std": 0.9793506264472757,
      "min": -2.5022754845453665,
      "25%": -0.5447949486992922,
      "50%": -0.0662997065995582,
      "75%": 0.4266953913142334,
      "max": 9.329606865452662
    },
    "feature_5": {
      "count": 1839.0,
      "mean": -0.03308939050858915,
      "std": 0.9759161716642573,
      "min": -4.314267497499334,
      "25%": -0.5528452987689341,
      "50%": -0.0154992703854172,
      "75%": 0.2531737438120641,
      "max": 5.2504918078348535
    },
    "feature_6": {
      "count": 1839.0,
      "mean": 0.07765136208248248,
      "std": 0.9997723128214303,
      "min": -2.662199604503782,
      "25%": -0.4524967592614561,
      "50%": -0.0045840203489234,
      "75%": 0.3836070200358666,
      "max": 14.98556230823835
    }
  },
  "test_describe": {
    "feature_1": {
      "count": 1933.0,
      "mean": -0.008346356927899045,
      "std": 1.0079848844900658,
      "min": -2.665448504799181,
      "25%": -0.8184812559464041,
      "50%": 0.0786171220630349,
      "75%": 0.817404021605127,
      "max": 2.24220732786032
    },
    "feature_2": {
      "count": 1933.0,
      "mean": 0.11075459536031092,
      "std": 1.377845237863552,
      "min": -0.204295820426622,
      "25%": -0.166535951475255,
      "50%": -0.1231979200651143,
      "75%": -0.0755689944560218,
      "max": 22.537443434381693
    },
    "feature_3": {
      "count": 1933.0,
      "mean": -0.1068686031066308,
      "std": 0.9802663414040337,
      "min": -2.653928583993436,
      "25%": -0.5649097638416428,
      "50%": 0.0550571118306058,
      "75%": 0.2437426826719366,
      "max": 6.847737662530466
    },
    "feature_4": {
      "count": 1933.0,
      "mean": -0.05623442127702026,
      "std": 1.0165772551262227,
      "min": -3.082269717388188,
      "25%": -0.5882945161662894,
      "50%": -0.0952994182524977,
      "75%": 0.3976956796737062,
      "max": 7.647623590202771
    },
    "feature_5": {
      "count": 1933.0,
      "mean": 0.03148028408968916,
      "std": 1.021897137087868,
      "min": -3.991859880465791,
      "25%": -0.5528452987689341,
      "50%": -0.0154992703854172,
      "75%": 0.4681121551677596,
      "max": 7.131202907194332
    },
    "feature_6": {
      "count": 1933.0,
      "mean": -0.0738752482512093,
      "std": 0.9951223572230006,
      "min": -3.2295557404463,
      "25%": -0.5420793070257477,
      "50%": -0.0941665681314297,
      "75%": 0.323885321508124,
      "max": 7.520349993199478
    },
    "label": {
      "count": 1933.0,
      "mean": 0.04862907397827212,
      "std": 0.2151470043033007,
      "min": 0.0,
      "25%": 0.0,
      "50%": 0.0,
      "75%": 0.0,
      "max": 1.0
    }
  },
  "test_label_counts": {
    "0.0": 1839,
    "1.0": 94
  }
}