{
  "confusion_matrix": [
    [
      1736,
      103
    ],
    [
      6,
      88
    ]
  ],
  "precision": 0.4607329842931937,
  "recall": 0.9361702127659575,
  "f1": 0.6175438596491228,
  "roc_auc": 0.9802679532123146,
  "pr_auc": 0.811310208296669
}