{
  "image": {
    "message": "测试集中无标签或单一类别，无法计算指标"
  },
  "tabular": {
    "precision": 0.1320754716981132,
    "recall": 0.14893617021276595,
    "f1": 0.14,
    "roc_auc": 0.8521282380572236,
    "pr_auc": 0.15356768733075724,
    "threshold": 505.68875732421856
  }
}