{
  "image": {
    "message": "测试集中无标签或单一类别，无法计算指标"
  },
  "tabular": {
    "precision": 0.18584070796460178,
    "recall": 0.22340425531914893,
    "f1": 0.2028985507246377,
    "roc_auc": 0.8670125993544132,
    "pr_auc": 0.1677596309276327,
    "threshold": 538.4424377441405
  }
}